EpiuppdragID	Analysmaterialid	Status (numerisk)	Status	Kommentar	Resultat	Undersökning/Analys	Undersökningar	Alla agens och undersökningar	Djuridentitet	Uppdragid	Provid	Provursprung	Överordnadeuppdrag	Djurslagskod	Systematikkod	Djurslag	Livsvillkor	Djurhållning	Län	PPN	Gisx	Gisy	Gisbeskrivning	Materialkod	Materialnamn	Könkod	Insättningsdatum	Besättningsstorlek	Produktionsplats	Kön	Ålder	Produktionssätt	Handläggare	Insändare	Djurägare	Kundmärkning	Provdatum	Provtagningsorsak	Provtagningsorsak Namn	Ankomstdatum	Övrigt	Raskod	Ras	Provtagare	Antalpooladeanalysmaterial	Kundnamn	Kundadress	Kundpostnr	Kundort	Kund Djurägare Adress	Kund Djurägare Postnr	Kund Djurägare Ort	Uppdraget har K4	Labprovid	Namn	Parprovsid	Kommentarer	Antal inköpta kalvar	Antal platser	Antal flockar	Antal smittade flockar	Antal djur i smittad flock	Antibiotika res	Ursprungsland	Blodig diarré	Löpnummer	Besättningsstorlek lokal	Campylobacterart	Detaljerad provtagningsorsak	Dnr SJV	Foderleverantör	Fagtyp	Fjäderfä	Gårdsnamn	Hippuratest	Indexfall	MLST	MLST complex	Mortalitet	Morbiditet	Maldi-tof resultat	MLVA sammanställning	MIC	Materialnamn detaljerad	Påverkat AT	Primärisolat	Provtyp	Primärfall	Provtagningsområde	Produktionsstadium	Preliminärt primärisolat	PFGE typning	Svår dyspné	Systematikodsmappning1	Spärrdatum	Spärr hävd	Sida i foderanläggning	Serotyp	Terapisvikt	Vattnig diarré	Ärende i Urax	Indexisolat	SVARM	Agensurval	Allmän BKT	Teknik	Agenspåvisande teknik	Typning
E18-024	18-VLT001101-1	0	Ej påvisad		ej påvisad	ASFV rPCR	ASFV rPCR		VLT 101/18	U180827-1001	18-VLT001101-1	SVALA	Ö12-006	.v	8987505251511	Vildsvin		Vilt (Jakt - fiske - natur)	H		6423000	1520000	Rånestad Gård	POOL	Pool	2				Honkön	4 månader							2020	Fallviltundersökning	2018/08/28 00:00:00					2									18-VLT001101-1	ASF visualisering																																																	5975		Realtids-PCR	1
E18-024	18-VLT001102-1	0	Ej påvisad		ej påvisad	ASFV rPCR	ASFV rPCR, CSFV rPCR		2 V 102/18	U180628-1002	18-VLT001102-1	SVALA		.v	8987505251511	Vildsvin	V01;1	Produktion - kött						POOL	Pool	2				Honkön	Vuxen	Vilthägn						1080	Epizootisjukdom/ -misstanke	2018/06/28 00:00:00					2									18-VLT001102-1	ASF visualisering																																																	5975		Realtids-PCR	1
E18-024	18-VLT001103-1	0	Ej påvisad		ej påvisad	ASFV rPCR	ASFV rPCR, CSFV rPCR		1 V 103/18	U180628-1003	18-VLT001103-1	SVALA		.v	8987505251511	Vildsvin	V01;1	Produktion - kött						POOL	Pool	2				Honkön	Vuxen	Vilthägn						1080	Epizootisjukdom/ -misstanke	2018/06/28 00:00:00					2									18-VLT001103-1	ASF visualisering																																																	5975		Realtids-PCR	1
E18-024	18-VLT001104-1	0	Ej påvisad		ej påvisad	ASFV rPCR	ASFV rPCR		VLT 104/18	U180619-1004	18-VLT001104-1	SVALA	Ö12-006	.v	8987505251511	Vildsvin		Vilt (Jakt - fiske - natur)	AB		6539780	1613050	Fållnäs Gård	POOL	Pool	1				Hankön	Årsunge							2020	Fallviltundersökning	2018/06/19 00:00:00					2									18-VLT001104-1	ASF visualisering																																																	5975		Realtids-PCR	1
E18-024	18-VLT001105-1	0	Ej påvisad		ej påvisad	ASFV rPCR	P-fall, ASFV rPCR, Vävnadsbank		    105/18	U180531-1005	18-VLT001105-1	SVALA	Ö12-006	.v	8987505251511	Vildsvin		Vilt (Jakt - fiske - natur)	H		6381300	1541900	Västra skälö	.o	Ofixerat material	8				Okänt	1 år						2018/05/31 00:00:00	2020	Fallviltundersökning	2018/05/31 00:00:00					0									18-VLT001105-1	ASF visualisering																																																	5975		Realtids-PCR	1
E18-024	18-VLT000106-1	0	Ej påvisad		ej påvisad	ASFV rPCR	ASFV rPCR, Vävnadsbank, P-fall		VLT 106/18	U180316-1006	18-VLT000106-1	SVALA	Ö12-006	.v	8987505251511	Vildsvin		Vilt (Jakt - fiske - natur)	O		6535330	1295260	Dalsland	.o	Ofixerat material	8				Okänt							2018/03/16 00:00:00	2020	Fallviltundersökning	2018/03/16 00:00:00					0									18-VLT000106-1	ASF visualisering																																																	5975		Realtids-PCR	1
E18-024	18-VLT000107-1	0	Ej påvisad		ej påvisad	ASFV rPCR	ASFV rPCR, Vävnadsbank, P-fall		VLT 107/18	U180316-1007	18-VLT000107-1	SVALA	Ö12-006	.v	8987505251511	Vildsvin		Vilt (Jakt - fiske - natur)	O		6535330	1295260	Dalsland	.o	Ofixerat material	8				Okänt							2018/03/16 00:00:00	2020	Fallviltundersökning	2018/03/16 00:00:00					0									18-VLT000107-1	ASF visualisering																																																	5975		Realtids-PCR	1
E18-024	18-VLT000108-1	0	Ej påvisad		ej påvisad	ASFV rPCR	HViltobduktion, ASFV rPCR, ASFV rPCR, S017, sarcoptes hund, S035 Sarcoptes WB KATTER, ak, Vävnadsbank, S017, sarcoptes hund		VLT 108/18	U180314-1008	18-VLT000108-1	SVALA	Ö12-006	.v	8987505251511	Vildsvin		Vilt (Jakt - fiske - natur)	D		6553739	1586844	Gnesta	.h	Hel djurkropp	1				Hankön	8 månader						2018/03/15 00:00:00	2020	Fallviltundersökning	2018/03/14 00:00:00					0									18-VLT000108-1	ASF visualisering																																																	5975		Realtids-PCR	1
E18-024	18-VLT000109-1	0	Ej påvisad		ej påvisad	ASFV rPCR	ASFV rPCR		VLT 109/18	U180302-1009	18-VLT000109-1	SVALA	Ö12-006	.v	8987505251511	Vildsvin		Vilt (Jakt - fiske - natur)					Ej angiven	POOL	Pool	2				Honkön	Ungdjur							2020	Fallviltundersökning	2018/03/05 00:00:00					1									18-VLT000109-1	ASF visualisering																																																	5975		Realtids-PCR	1
E18-024	18-VLT000110-1	0	Ej påvisad		ej påvisad	ASFV rPCR	ASFV rPCR		VLT 110/18	U180302-1010	18-VLT000110-1	SVALA	Ö12-006	.v	8987505251511	Vildsvin		Vilt (Jakt - fiske - natur)					Ej angiven	POOL	Pool	1				Hankön	Ungdjur							2020	Fallviltundersökning	2018/03/05 00:00:00					1									18-VLT000110-1	ASF visualisering																																																	5975		Realtids-PCR	1
E18-024	18-VLT000111-1	0	Ej påvisad		ej påvisad	ASFV rPCR	ASFV rPCR		VLT 111/18	U180302-1011	18-VLT000111-1	SVALA	Ö12-006	.v	8987505251511	Vildsvin		Vilt (Jakt - fiske - natur)	M		6225565	1328884	Maglaby	POOL	Pool	1				Hankön	Vuxen							2020	Fallviltundersökning	2018/03/02 00:00:00					2									18-VLT000111-1	ASF visualisering																																																	5975		Realtids-PCR	1
E18-024	18-VLT000112-1	0	Ej påvisad		ej påvisad	ASFV rPCR	ASFV rPCR		VLT 112/18	U180213-1012	18-VLT000112-1	SVALA	Ö12-006	.v	8987505251511	Vildsvin		Vilt (Jakt - fiske - natur)	C		6615614	1592277	Bälsunda	POOL	Pool	2				Honkön	4 månader							2020	Fallviltundersökning	2018/02/14 00:00:00					2									18-VLT000112-1	ASF visualisering																																																	5975		Realtids-PCR	1
E18-024	18-VLT000113-1	0	Ej påvisad		ej påvisad	ASFV rPCR	ASFV rPCR		VLT 113/18	U180205-1013	18-VLT000113-1	SVALA	Ö12-006	.v	8987505251511	Vildsvin		Vilt (Jakt - fiske - natur)	AB		6624900	1655244	Addarsnäs Gård 	POOL	Pool	2				Honkön	2017							2020	Fallviltundersökning	2018/02/06 00:00:00					2									18-VLT000113-1	ASF visualisering																																																	5975		Realtids-PCR	1
E18-024	17-VLT003114-1	0	Ej påvisad		ej påvisad	ASFV rPCR	ASFV rPCR		VLT 114/17	U171123-1014	17-VLT003114-1	SVALA	Ö12-006	.v	8987505251511	Vildsvin		Vilt (Jakt - fiske - natur)	K		6253170	1446034	Ringamåla, Karlshamn	POOL	Pool	1				Hankön	6 månader							2020	Fallviltundersökning	2017/11/23 00:00:00					2									17-VLT003114-1	ASF visualisering																																																	5975		Realtids-PCR	1
E18-024	17-VLT003115-1	0	Ej påvisad		ej påvisad	ASFV rPCR	ASFV rPCR		VLT 115/17	U171123-1015	17-VLT003115-1	SVALA	Ö12-006	.v	8987505251511	Vildsvin		Vilt (Jakt - fiske - natur)	K		6252170	1446034	Ringamåla, Karlshamn	POOL	Pool	2				Honkön	6 månader							2020	Fallviltundersökning	2017/11/23 00:00:00					2									17-VLT003115-1	ASF visualisering																																																	5975		Realtids-PCR	1
E18-024	17-VLT002116-1	0	Ej påvisad		ej påvisad	ASFV rPCR	ASFV rPCR		VLT 116/17	U171018-1016	17-VLT002116-1	SVALA	Ö12-006	.v	8987505251511	Vildsvin		Vilt (Jakt - fiske - natur)	H		6269000	1499000	Stora Glosebo, Gullabo	POOL	Pool	2				Honkön	Ungdjur							2020	Fallviltundersökning	2017/10/19 00:00:00					2									17-VLT002116-1	ASF visualisering																																																	5975		Realtids-PCR	1
E18-024	17-VLT002117-1	0	Ej påvisad		ej påvisad	ASFV rPCR	CSFV rPCR, ASFV rPCR		VLT 117/17	U170815-1017	17-VLT002117-1	SVALA		.v	8987505251511	Vildsvin		Vilt (Jakt - fiske - natur)	C		6634581	1614050	Hällen Lagga	POOL	Pool	1				Hankön	5 månader							2020	Fallviltundersökning	2017/08/15 00:00:00					2									17-VLT002117-1	ASF visualisering																																																	5975		Realtids-PCR	1
E18-024	17-VLT001118-1	0	Ej påvisad		ej påvisad	ASFV rPCR	ASFV rPCR		VLT 118/17	U170711-1018	17-VLT001118-1	SVALA	Ö12-006	.v	8987505251511	Vildsvin		Vilt (Jakt - fiske - natur)	T		6544050	1463680	Söder om Hallsberg mot Skogaholm	POOL	Pool	2				Honkön	5 månader							2020	Fallviltundersökning	2017/07/12 00:00:00					2									17-VLT001118-1	ASF visualisering																																																	5975		Realtids-PCR	1
E18-024	17-VLT001119-1	0	Ej påvisad		ej påvisad	ASFV rPCR	ASFV rPCR		VLT 119/17	U170530-1019	17-VLT001119-1	SVALA	Ö12-006	.v	8987505251511	Vildsvin		Vilt (Jakt - fiske - natur)	AB		6538126	1613020	Fällnäs gård, Sorunda	POOL	Pool	1				Hankön	Årsunge							2020	Fallviltundersökning	2017/05/30 00:00:00					2									17-VLT001119-1	ASF visualisering																																																	5975		Realtids-PCR	1
E18-024	17-VLT001120-1	0	Ej påvisad		ej påvisad	ASFV rPCR	ASFV rPCR		VLT 120/17	U170509-1020	17-VLT001120-1	SVALA	Ö12-006	.v	8987505251511	Vildsvin		Vilt (Jakt - fiske - natur)	T				Ej angiven	POOL	Pool	1				Hankön	Årsunge							10003	Övervakningsprogram	2017/05/22 00:00:00					1									17-VLT001120-1	ASF visualisering																																																	5975		Realtids-PCR	1
E18-024	17-VLT001121-1	0	Ej påvisad		ej påvisad	ASFV rPCR	ASFV rPCR		VLT 121/17	U170509-1021	17-VLT001121-1	SVALA	Ö12-006	.v	8987505251511	Vildsvin		Vilt (Jakt - fiske - natur)	T				Ej angiven	POOL	Pool	1				Hankön	Årsunge							10003	Övervakningsprogram	2017/05/22 00:00:00					1									17-VLT001121-1	ASF visualisering																																																	5975		Realtids-PCR	1
E18-024	17-VLT001122-1	0	Ej påvisad		ej påvisad	ASFV rPCR	P-fall, ASFV rPCR		VLT 122/17	U170509-1022	17-VLT001122-1	SVALA	Ö12-006	.v	8987505251511	Vildsvin		Vilt (Jakt - fiske - natur)	C				Ej angiven	.o	Ofixerat material	2				Honkön							2017/05/22 00:00:00	10003	Övervakningsprogram	2017/05/09 00:00:00					0									17-VLT001122-1	ASF visualisering																																																	5975		Realtids-PCR	1
E18-024	17-VLT001123-1	0	Ej påvisad		ej påvisad	ASFV rPCR	P-fall, ASFV rPCR		VLT 123/17	U170509-1023	17-VLT001123-1	SVALA	Ö12-006	.v	8987505251511	Vildsvin		Vilt (Jakt - fiske - natur)	C				Ej angiven	.o	Ofixerat material	2				Honkön							2017/05/22 00:00:00	10003	Övervakningsprogram	2017/05/09 00:00:00					0									17-VLT001123-1	ASF visualisering																																																	5975		Realtids-PCR	1
E18-024	17-VLT001124-1	0	Ej påvisad		ej påvisad	ASFV rPCR	ASFV rPCR		VLT 124/17	U170503-1024	17-VLT001124-1	SVALA	Ö12-006	.v	8987505251511	Vildsvin		Vilt (Jakt - fiske - natur)	D		6548308	1588440	Hårby säteri	POOL	Pool	2				Honkön	Årsunge							2020	Fallviltundersökning	2017/05/04 00:00:00					2									17-VLT001124-1	ASF visualisering																																																	5975		Realtids-PCR	1
E18-024	17-VLT001125-1	0	Ej påvisad		ej påvisad	ASFV rPCR	ASFV rPCR		VLT 125/17	U170419-1025	17-VLT001125-1	SVALA	Ö12-006	.v	8987505251511	Vildsvin		Vilt (Jakt - fiske - natur)	AB		6547000	1606000	Hörningsholm	POOL	Pool	2				Honkön	Vuxen							2020	Fallviltundersökning	2017/04/19 00:00:00					2									17-VLT001125-1	ASF visualisering																																																	5975		Realtids-PCR	1
E18-024	17-VLT001126-1	0	Ej påvisad		ej påvisad	ASFV rPCR	ASFV rPCR		VLT 126/17	U170228-1026	17-VLT001126-1	SVALA	Ö12-006	.v	8987505251511	Vildsvin		Vilt (Jakt - fiske - natur)	K		6247866	1451900	Stangölsmåla	POOL	Pool	1				Hankön	5 månader							2020	Fallviltundersökning	2017/03/02 00:00:00					2									17-VLT001126-1	ASF visualisering																																																	5975		Realtids-PCR	1
E18-024	17-VLT000127-1	0	Ej påvisad		ej påvisad	ASFV rPCR	ASFV rPCR		VLT 127/17	U170227-1027	17-VLT000127-1	SVALA	Ö12-006	.v	8987505251511	Vildsvin		Vilt (Jakt - fiske - natur)	D		6534800	1561900	Stockvik	POOL	Pool	2				Honkön	6 månader							2020	Fallviltundersökning	2017/02/27 00:00:00					2									17-VLT000127-1	ASF visualisering																																																	5975		Realtids-PCR	1
E18-024	17-VLT000128-1	0	Ej påvisad		ej påvisad	ASFV rPCR	ASFV rPCR		VLT 128/17	U170220-1028	17-VLT000128-1	SVALA	Ö12-006	.v	8987505251511	Vildsvin		Vilt (Jakt - fiske - natur)	C		6668325	1602100	Risby	POOL	Pool	1				Hankön	1 år							2020	Fallviltundersökning	2017/02/20 00:00:00					2									17-VLT000128-1	ASF visualisering																																																	5975		Realtids-PCR	1
E18-024	17-VLT000129-1	0	Ej påvisad		ej påvisad	ASFV rPCR	ASFV rPCR		VLT 129/17	U170213-1029	17-VLT000129-1	SVALA	Ö12-006	.v	8987505251511	Vildsvin		Vilt (Jakt - fiske - natur)			6537126	1613020	Fällnäs Gård	POOL	Pool	1				Hankön	2 månader							2020	Fallviltundersökning	2017/02/13 00:00:00					2									17-VLT000129-1	ASF visualisering																																																	5975		Realtids-PCR	1
E18-024	17-MIK022130-1	0	Ej påvisad		ej påvisad	ASFV rPCR	ASFV rPCR		VLT 130/17	U170126-1030	17-MIK022130-1	SVALA	Ö12-006	.v	8987505251511	Vildsvin		Vilt (Jakt - fiske - natur)			6546223	1620590	Ösmo	POOL	Pool	1				Hankön	Årsunge							2020	Fallviltundersökning	2017/01/27 00:00:00					2									17-MIK022130-1	ASF visualisering																																																	5975		Realtids-PCR	1
E18-024	16-VLT002131-1	0	Ej påvisad		ej påvisad	ASFV rPCR	ASFV rPCR		VLT 131/16	U161212-1031	16-VLT002131-1	SVALA	Ö12-006	.v	8987505251511	Vildsvin		Vilt (Jakt - fiske - natur)			6545000	1606000	Hörningsholm, Mörkö	POOL	Pool	1				Hankön	6 månader							2020	Fallviltundersökning	2016/12/12 00:00:00					2									16-VLT002131-1	ASF visualisering																																																	5975		Realtids-PCR	1
E18-024	16-VLT002132-1	0	Ej påvisad		ej påvisad	ASFV rPCR	ASFV rPCR, P-fall		VLT 132/16	U161130-1032	16-VLT002132-1	SVALA	Ö12-006	.v	8987505251511	Vildsvin		Vilt (Jakt - fiske - natur)	H		6314592	1533435	Buggemåla, Ålem	.o	Ofixerat material	8				Okänt	Årsunge						2016/11/30 00:00:00	2020	Fallviltundersökning	2016/11/30 00:00:00					0									16-VLT002132-1	ASF visualisering																																																	5975		Realtids-PCR	1
E18-024	16-VLT002133-1	0	Ej påvisad		ej påvisad	ASFV rPCR	ASFV rPCR		VLT 133/16	U161121-1033	16-VLT002133-1	SVALA	Ö12-006	.v	8987505251511	Vildsvin		Vilt (Jakt - fiske - natur)			6543000	1607000	Mörkö	POOL	Pool	1				Hankön	Årsunge							2020	Fallviltundersökning	2016/11/21 00:00:00					2									16-VLT002133-1	ASF visualisering																																																	5975		Realtids-PCR	1
E18-024	16-VLT002134-1	0	Ej påvisad		ej påvisad	ASFV rPCR	ASFV rPCR		VLT 134/16	U161107-1034	16-VLT002134-1	SVALA	Ö12-006	.v	8987505251511	Vildsvin		Vilt (Jakt - fiske - natur)			6544000	1607000	Mörkö	POOL	Pool	2				Honkön								2020	Fallviltundersökning	2016/11/07 00:00:00					2									16-VLT002134-1	ASF visualisering																																																	5975		Realtids-PCR	1
E18-024	16-VLT002135-1	0	Ej påvisad		ej påvisad	ASFV rPCR	ASFV rPCR		VLT 135/16	U161031-1035	16-VLT002135-1	SVALA	Ö12-006	.v	8987505251511	Vildsvin		Vilt (Jakt - fiske - natur)			6535000	1615000	Djursnäs Säteri	POOL	Pool	1				Hankön	Årsunge							2020	Fallviltundersökning	2016/11/01 00:00:00					2									16-VLT002135-1	ASF visualisering																																																	5975		Realtids-PCR	1
E18-024	16-VLT002136-1	0	Ej påvisad		ej påvisad	ASFV rPCR	ASFV rPCR		VLT 136/16	U161021-1036	16-VLT002136-1	SVALA	Ö12-006	.v	8987505251511	Vildsvin		Vilt (Jakt - fiske - natur)			6536793	1556717	Vevelsta gård	POOL	Pool	1				Hankön	5 månader							2020	Fallviltundersökning	2016/10/21 00:00:00					2									16-VLT002136-1	ASF visualisering																																																	5975		Realtids-PCR	1
E18-024	16-VLT001137-1	0	Ej påvisad		ej påvisad	ASFV rPCR	ASFV rPCR		VLT 137/16	U160824-1037	16-VLT001137-1	SVALA	Ö12-006	.v	8987505251511	Vildsvin		Vilt (Jakt - fiske - natur)					Ej angivet	POOL	Pool	2				Honkön	6 månader							8000	Forskning/Projekt/Avtalsuppdrag	2016/08/26 00:00:00					2									16-VLT001137-1	ASF visualisering																																																	5975		Realtids-PCR	1
E18-024	16-VLT001138-1	0	Ej påvisad		ej påvisad	ASFV rPCR	ASFV rPCR		VLT 138/16	U160620-1038	16-VLT001138-1	SVALA	Ö12-006	.v	8987505251511	Vildsvin		Vilt (Jakt - fiske - natur)			6607000	1594000	Skörby, Bålsta	POOL	Pool	2				Honkön	Årsunge							2020	Fallviltundersökning	2016/06/20 00:00:00					2									16-VLT001138-1	ASF visualisering																																																	5975		Realtids-PCR	1
E18-024	16-VLT000139-1	0	Ej påvisad		ej påvisad	ASFV rPCR	ASFV rPCR		VLT 139/16	U160523-1039	16-VLT000139-1	SVALA	Ö12-006	.v	8987505251511	Vildsvin		Vilt (Jakt - fiske - natur)					Ej angiven	POOL	Pool	1				Hankön	5 månader							2020	Fallviltundersökning	2016/05/23 00:00:00					2									16-VLT000139-1	ASF visualisering																																																	5975		Realtids-PCR	1
E18-024	16-VLT000140-1	0	Ej påvisad		ej påvisad	ASFV rPCR	ASFV rPCR		VLT 140/16	U160509-1040	16-VLT000140-1	SVALA	Ö12-006	.v	8987505251511	Vildsvin		Vilt (Jakt - fiske - natur)			6548000	1606000	Mörkö?	POOL	Pool	1				Hankön	Ungdjur							2020	Fallviltundersökning	2016/05/09 00:00:00					2									16-VLT000140-1	ASF visualisering																																																	5975		Realtids-PCR	1
E18-024	16-VLT000141-1	0	Ej påvisad		ej påvisad	ASFV rPCR	ASFV rPCR		VLT 141/16	U160509-1041	16-VLT000141-1	SVALA	Ö12-006	.v	8987505251511	Vildsvin		Vilt (Jakt - fiske - natur)			6549000	1606000	Mörkö?	POOL	Pool	1				Hankön	Ungdjur							2020	Fallviltundersökning	2016/05/09 00:00:00					2									16-VLT000141-1	ASF visualisering																																																	5975		Realtids-PCR	1
E18-024	16-VLT000142-1	0	Ej påvisad		ej påvisad	ASFV rPCR	P-fall, ASFV rPCR		VLT 142/16	U160408-1042	16-VLT000142-1	SVALA	Ö12-006	.v	8987505251511	Vildsvin		Vilt (Jakt - fiske - natur)	N		6280795	1322113	Stranden utanför Halmstad	.o	Ofixerat material	8				Okänt							2016/04/08 00:00:00	1000	Sjukdom/Skada/Dödsfall	2016/04/08 00:00:00					0									16-VLT000142-1	ASF visualisering																																																	5975		Realtids-PCR	1
E18-024	16-VLT000143-1	0	Ej påvisad		ej påvisad	ASFV rPCR	ASFV rPCR		VLT 143/16	U160321-1043	16-VLT000143-1	SVALA	Ö12-006	.v	8987505251511	Vildsvin		Vilt (Jakt - fiske - natur)			6621664	1535106	Färdskär, Svanå	POOL	Pool	2				Honkön	6 månader							2020	Fallviltundersökning	2016/03/22 00:00:00					2									16-VLT000143-1	ASF visualisering																																																	5975		Realtids-PCR	1
E18-024	16-VLT000144-1	0	Ej påvisad		ej påvisad	ASFV rPCR	ASFV rPCR		VLT 144/16	U160311-1044	16-VLT000144-1	SVALA	Ö12-006	.v	8987505251511	Vildsvin		Vilt (Jakt - fiske - natur)			6542183	1607732	Mörkö	POOL	Pool	1				Hankön	6 månader							2020	Fallviltundersökning	2016/03/11 00:00:00					2									16-VLT000144-1	ASF visualisering																																																	5975		Realtids-PCR	1
E18-024	16-VLT000145-1	0	Ej påvisad		ej påvisad	ASFV rPCR	ASFV rPCR		VLT 145/16	U160308-1045	16-VLT000145-1	SVALA	Ö12-006	.v	8987505251511	Vildsvin		Vilt (Jakt - fiske - natur)			6629364	1535106	Färdskär, Svanå	POOL	Pool	2				Honkön								2020	Fallviltundersökning	2016/03/08 00:00:00					2									16-VLT000145-1	ASF visualisering																																																	5975		Realtids-PCR	1
E18-024	16-VLT000146-1	0	Ej påvisad		ej påvisad	ASFV rPCR	ASFV rPCR		VLT 146/16	U160308-1046	16-VLT000146-1	SVALA	Ö12-006	.v	8987505251511	Vildsvin		Vilt (Jakt - fiske - natur)			6623664	1535106	Färdskär, Svanå	POOL	Pool	2				Honkön								2020	Fallviltundersökning	2016/03/08 00:00:00					2									16-VLT000146-1	ASF visualisering																																																	5975		Realtids-PCR	1
E18-024	16-VLT000147-1	0	Ej påvisad		ej påvisad	ASFV rPCR	ASFV rPCR		VLT 147/16	U160304-1047	16-VLT000147-1	SVALA	Ö12-006	.v	8987505251511	Vildsvin		Vilt (Jakt - fiske - natur)					Ej angivet	POOL	Pool	1				Hankön	9 månader							2020	Fallviltundersökning	2016/03/04 00:00:00					2									16-VLT000147-1	ASF visualisering																																																	5975		Realtids-PCR	1
E18-024	16-VLT000148-1	0	Ej påvisad		ej påvisad	ASFV rPCR	P-fall, ASFV rPCR, Vävnadsbank		VLT 148/16	U160203-1048	16-VLT000148-1	SVALA	Ö12-006	.v	8987505251511	Vildsvin		Vilt (Jakt - fiske - natur)	O		6377956	1299728	Kronång, Fotskäl	.o	Ofixerat material	1				Hankön	2 år						2016/02/04 00:00:00	2020	Fallviltundersökning	2016/02/03 00:00:00					0									16-VLT000148-1	ASF visualisering																																																	5975		Realtids-PCR	1
E18-024	15-VLT002149-1	0	Ej påvisad		ej påvisad	ASFV rPCR	ASFV rPCR		VLT 149/15	U151210-1049	15-VLT002149-1	SVALA	Ö12-006	.v	8987505251511	Vildsvin		Vilt (Jakt - fiske - natur)			6574300	1593280	Enhörna	POOL	Pool	1				Hankön	Årsunge							2020	Fallviltundersökning	2015/12/10 00:00:00					2									15-VLT002149-1	ASF visualisering																																																	5975		Realtids-PCR	1
E18-024	15-VLT002150-1	0	Ej påvisad		ej påvisad	ASFV rPCR	ASFV rPCR		VLT 150997	U151005-1050	15-VLT002150-1	SVALA	Ö12-006	.v	8987505251511	Vildsvin		Vilt (Jakt - fiske - natur)			6615190	1585580	Storhagen, Ekolsund	POOL	Pool	1				Hankön	1 år							2020	Fallviltundersökning	2015/10/06 00:00:00					2									15-VLT002150-1	ASF visualisering																																																	5975		Realtids-PCR	1
E18-024	15-VLT001151-1	0	Ej påvisad		ej påvisad	ASFV rPCR	ASFV rPCR		VLT 151/15	U150929-1051	15-VLT001151-1	SVALA		.v	8987505251511	Vildsvin		Vilt (Jakt - fiske - natur)			6546006	1601745	Hölö	POOL	Pool	1				Hankön	Årsunge							2020	Fallviltundersökning	2015/09/29 00:00:00					2									15-VLT001151-1	ASF visualisering																																																	5975		Realtids-PCR	1
E18-024	15-VLT001152-1	0	Ej påvisad		ej påvisad	ASFV rPCR	ASFV rPCR		VLT 152/15	U150929-1052	15-VLT001152-1	SVALA		.v	8987505251511	Vildsvin		Vilt (Jakt - fiske - natur)			6547006	1601745	Hölö	POOL	Pool	1				Hankön	Årsunge							2020	Fallviltundersökning	2015/09/29 00:00:00					2									15-VLT001152-1	ASF visualisering																																																	5975		Realtids-PCR	1
E18-024	15-VLT001153-1	0	Ej påvisad		ej påvisad	ASFV rPCR	ASFV rPCR		VLT 153/15	U150925-1053	15-VLT001153-1	SVALA	Ö12-006	.v	8987505251511	Vildsvin		Vilt (Jakt - fiske - natur)			6548000	1605000	Mörkö	POOL	Pool	1				Hankön	Årsunge							2020	Fallviltundersökning	2015/09/25 00:00:00					2									15-VLT001153-1	ASF visualisering																																																	5975		Realtids-PCR	1
E18-024	15-VLT001154-1	0	Ej påvisad		ej påvisad	ASFV rPCR	ASFV rPCR		VLT 154/15	U150925-1054	15-VLT001154-1	SVALA	Ö12-006	.v	8987505251511	Vildsvin		Vilt (Jakt - fiske - natur)			6549000	1605000	Mörkö	POOL	Pool	2				Honkön	Årsunge							2020	Fallviltundersökning	2015/09/25 00:00:00					2									15-VLT001154-1	ASF visualisering																																																	5975		Realtids-PCR	1
E18-024	15-VLT001155-1	0	Ej påvisad		ej påvisad	ASFV rPCR	ASFV rPCR		VLT 155/15	U150916-1055	15-VLT001155-1	SVALA	Ö12-006	.v	8987505251511	Vildsvin		Vilt (Jakt - fiske - natur)			6571883	1627467	Årsta 	POOL	Pool	2				Honkön								2020	Fallviltundersökning	2015/09/17 00:00:00					1									15-VLT001155-1	ASF visualisering																																																	5975		Realtids-PCR	1
E18-024	15-VLT001156-1	0	Ej påvisad		ej påvisad	ASFV rPCR	ASFV rPCR		VLT 156/15	U150908-1056	15-VLT001156-1	SVALA	Ö12-006	.v	8987505251511	Vildsvin		Vilt (Jakt - fiske - natur)			6282000	1447000	Östad, Mårtensgård	POOL	Pool	1				Hankön	Årsunge							2020	Fallviltundersökning	2015/09/08 00:00:00					2									15-VLT001156-1	ASF visualisering																																																	5975		Realtids-PCR	1
E18-024	15-VLT000157-1	0	Ej påvisad		ej påvisad	ASFV rPCR	P-fall, ASFV rPCR		VLT 157/15	U150423-1057	15-VLT000157-1	SVALA	Ö12-006	.v	8987505251511	Vildsvin		Vilt (Jakt - fiske - natur)	W		6673431	1522553	Lejde	.o	Ofixerat material												2015/04/23 00:00:00	2020	Fallviltundersökning	2015/04/23 00:00:00					0									15-VLT000157-1	ASF visualisering																																																	5975		Realtids-PCR	1
E18-024	15-VLT000158-1	0	Ej påvisad		ej påvisad	ASFV rPCR	P-fall, ASFV rPCR		VLT 158/15	U150423-1058	15-VLT000158-1	SVALA	Ö12-006	.v	8987505251511	Vildsvin		Vilt (Jakt - fiske - natur)	W		6673431	1522553	Lejde	.o	Ofixerat material												2015/04/23 00:00:00	2020	Fallviltundersökning	2015/04/23 00:00:00					0									15-VLT000158-1	ASF visualisering																																																	5975		Realtids-PCR	1
E18-024	15-VLT000159-1	0	Ej påvisad		ej påvisad	ASFV rPCR	P-fall, ASFV rPCR		VLT 159/15	U150423-1059	15-VLT000159-1	SVALA	Ö12-006	.v	8987505251511	Vildsvin		Vilt (Jakt - fiske - natur)	W		6673431	1522553	Lejde	.o	Ofixerat material												2015/04/23 00:00:00	2020	Fallviltundersökning	2015/04/23 00:00:00					0									15-VLT000159-1	ASF visualisering																																																	5975		Realtids-PCR	1
E18-024	15-VLT000160-1	0	Ej påvisad		ej påvisad	ASFV rPCR	P-fall, ASFV rPCR		VLT 160/15	U150423-1060	15-VLT000160-1	SVALA	Ö12-006	.v	8987505251511	Vildsvin		Vilt (Jakt - fiske - natur)	W		6673431	1522553	Lejde	.o	Ofixerat material												2015/04/23 00:00:00	2020	Fallviltundersökning	2015/04/23 00:00:00					0									15-VLT000160-1	ASF visualisering																																																	5975		Realtids-PCR	1
E18-024	15-VLT000161-1	0	Ej påvisad		ej påvisad	ASFV rPCR	ASFV rPCR		VLT 161/15	U150227-1061	15-VLT000161-1	SVALA	Ö12-006, Ö13-030	.v	8987505251511	Vildsvin		Vilt (Jakt - fiske - natur)			6656617	1586611	Kvarnbo	POOL	Pool	1				Hankön	6 månader							2020	Fallviltundersökning	2015/02/27 00:00:00					2									15-VLT000161-1	ASF visualisering																																																	5975		Realtids-PCR	1
E18-024	15-VIR035162-1	0	Ej påvisad		ej påvisad	ASFV rPCR	ASFV rPCR		VLT 162/15	U150414-1062	15-VIR035162-1	SVALA	Ö12-006	.v	8987505251511	Vildsvin		Vilt (Jakt - fiske - natur)			6563587	1478790	Kvismaren	POOL	Pool	1				Hankön	11 månader							1080	Epizootisjukdom/ -misstanke	2015/04/16 00:00:00					2									15-VIR035162-1	ASF visualisering																																																	5975		Realtids-PCR	1
E18-024	15-VIR035163-1	0	Ej påvisad		ej påvisad	ASFV rPCR	ASFV rPCR		VLT 163/15	U150414-1063	15-VIR035163-1	SVALA	Ö12-006	.v	8987505251511	Vildsvin		Vilt (Jakt - fiske - natur)			6564587	1478790	Kvismaren	POOL	Pool	1				Hankön	11 månader							1080	Epizootisjukdom/ -misstanke	2015/04/16 00:00:00					2									15-VIR035163-1	ASF visualisering																																																	5975		Realtids-PCR	1
E18-024	15-VIR027164-1	0	Ej påvisad		ej påvisad	ASFV rPCR	ASFV rPCR		VLT 164/15	U150325-1064	15-VIR027164-1	SVALA	Ö12-006	.v	8987505251511	Vildsvin		Vilt (Jakt - fiske - natur)			6545094	1621215	Ösmo	POOL	Pool	1				Hankön	Vuxen							2020	Fallviltundersökning	2015/03/25 00:00:00					2									15-VIR027164-1	ASF visualisering																																																	5975		Realtids-PCR	1
E18-024	15-VIR000165-1	0	Ej påvisad		ej påvisad	ASFV rPCR	ASFV rPCR		VLT 165/15	U150107-1065	15-VIR000165-1	SVALA	Ö12-006	.v	8987505251511	Vildsvin		Vilt (Jakt - fiske - natur)			6546230	1608580	Mörkö	POOL	Pool	2				Honkön	6 månader							2020	Fallviltundersökning	2015/01/08 00:00:00					2									15-VIR000165-1	ASF visualisering																																																	5975		Realtids-PCR	1
E18-024	14-VLT002166-1	0	Ej påvisad		ej påvisad	ASFV rPCR	ASFV rPCR		VLT 166/14	U141030-1066	14-VLT002166-1	SVALA	Ö12-006, Ö13-030	.v	8987505251511	Vildsvin		Vilt (Jakt - fiske - natur)			6647953	1643321	Burvik (Edsbro)	POOL	Pool	1				Hankön	Ungdjur							2020	Fallviltundersökning	2014/10/30 00:00:00					2									14-VLT002166-1	ASF visualisering																																																	5975		Realtids-PCR	1
E18-024	14-VLT002167-1	0	Ej påvisad		ej påvisad	ASFV rPCR	ASFV rPCR		VLT 167/14	U141006-1067	14-VLT002167-1	SVALA	Ö12-006, Ö13-030	.v	8987505251511	Vildsvin		Vilt (Jakt - fiske - natur)			6607000	1598000	Wij säteri, Bålsta	POOL	Pool	2				Honkön								2020	Fallviltundersökning	2014/10/07 00:00:00					2									14-VLT002167-1	ASF visualisering																																																	5975		Realtids-PCR	1
E18-024	14-VLT001168-1	0	Ej påvisad		ej påvisad	ASFV rPCR	ASFV rPCR, Vävnadsbank, Allm bakt pat 1m (fullt pris), P-fall, ASFV rPCR		VLT 168/14	U140903-1068	14-VLT001168-1	SVALA	Ö12-006	.v	8987505251511	Vildsvin		Vilt (Jakt - fiske - natur)	N		6268937	1346406	Knäred	.o	Ofixerat material													2020	Fallviltundersökning	2014/09/03 00:00:00					0									14-VLT001168-1	ASF visualisering																																																	5975		Realtids-PCR	1
E18-024	14-VLT001169-1	0	Ej påvisad		ej påvisad	ASFV rPCR	ASFV rPCR		VLT 169/14	U140616-1069	14-VLT001169-1	SVALA	Ö12-006, Ö13-030	.v	8987505251511	Vildsvin		Vilt (Jakt - fiske - natur)			6464782	1523400	Borkhult, Åtvidaberg	POOL	Pool	2				Honkön	Årsunge							2020	Fallviltundersökning	2014/06/17 00:00:00					2									14-VLT001169-1	ASF visualisering																																																	5975		Realtids-PCR	1
E18-024	14-VLT001170-1	0	Ej påvisad		ej påvisad	ASFV rPCR	ASFV rPCR		VLT 170/14	U140616-1070	14-VLT001170-1	SVALA	Ö12-006, Ö13-030	.v	8987505251511	Vildsvin		Vilt (Jakt - fiske - natur)			6464782	1523400	Borkhult, Åtvidaberg	POOL	Pool	2				Honkön	Årsunge							2020	Fallviltundersökning	2014/06/17 00:00:00					2									14-VLT001170-1	ASF visualisering																																																	5975		Realtids-PCR	1
